#	name	area	type	website	flag
1	Tentacle Solutions	Glasgow, 22 Montrose St	software	https://tentacle.solutions/	
2	Pulsion Technology	Glasgow, Craighall Business Park	software/IT consulting	https://www.pulsion.co.uk/	
3	GridSpire Software Development	Glasgow, 103 Waterloo St	software outsourcing	https://gridspiresoftware.com/	uncertain
4	Flyte Cloud Services	Glasgow, 93 W Regent St	cloud/devops	https://flyte.cloud/	uncertain
5	SilverCloud	Glasgow, 130 Cubie St	IT services	https://silvercloud.co.uk/	
6	Financial Cloud	Glasgow, 300 Bath St	fintech software	https://www.financial-cloud.com/	uncertain
7	VectorCloud Ltd	Glasgow, 69 Buchanan St	managed IT	https://www.vectorcloud.co.uk/	
8	National Cloud	Glasgow, 177 Bothwell St	IT services	https://www.national-cloud.co.uk/	uncertain
9	Cobry	Glasgow, 24 Sandyford Pl	managed IT	https://www.gocobry.com/	
10	Highland Code	Glasgow, 95-107 Lancefield St	software	https://highlandcode.com/	uncertain
11	MyAmici	Glasgow, Hillington Park	software	https://www.myamici.com/	
12	Encompass Corporation	Glasgow, 10 Bothwell St	regtech/KYC	https://www.encompasscorporation.com/	
13	Bellrock Technology	Glasgow, 15 Candleriggs	industrial data/AI	https://www.bellrock.tech/	
14	Soar	Glasgow, 8 Gordon St	software	https://www.soar.tech/	uncertain
15	UiliX Ltd	Glasgow, 48 W George St	software	https://uilix.com/	uncertain
16	Sapphire Cyber Security Glasgow	Glasgow, 24 Douglas St	cybersecurity	https://www.sapphire.net/	
17	ID Cyber Solutions	Glasgow, Craighall Business Park	cybersecurity	https://www.idcybersolutions.com/	
18	Texaport	Glasgow, 1 W Regent St	managed IT/security	https://texaport.co.uk/it-support/it-support-glasgow	
19	Purity IT Ltd	Glasgow, 48 W George St	managed IT	https://purityit.com/	
20	Trustify	Glasgow, 81 Miller St	security/brand protection	https://www.trustify.com/	uncertain (maybe overseas HQ)
21	Voice Technologies Ltd	Paisley, 10 Shuttle St	voice/comms software	http://www.voicetechnologies.co.uk/	
22	Consilium (UK) Ltd	Paisley, 12 Seedhill Rd	IT services	http://www.consilium-uk.com/	
23	Cairn Solutions	Paisley, 1 East Ln	software	https://www.cairnsolutions.com/	
24	Focalise AI Ltd	Paisley, Storie St	AI software	https://www.focalise.ai/	
25	E-Max Systems Ltd	East Kilbride, ARX House	software/IT	https://emax-systems.co.uk/	
26	Eureka Solutions	East Kilbride, Redwood Pl	software	https://eurekasolutions.co.uk/	
27	Cambron Software Limited	East Kilbride, 16 McLaren Grove	software	http://cambronsoftware.co.uk/	uncertain (residential-looking address)
28	Ideagen	East Kilbride, ARX House	compliance SaaS (large)	https://www.ideagen.com/	
29	Bad Dinosaur	Edinburgh, 3 Hill St	software/web	http://www.baddinosaur.co.uk/	
30	Clockwise Software LP	Edinburgh, Mitchell House	outsourcing	https://clockwise.software/	uncertain (possible shared office)
