#	name	city	sector	website	maps_ftid	flag	why_it_staff	rating	maps_search_link
1	Edgescan	Dublin, Ireland	Cybersecurity vendor (vuln mgmt)	http://www.edgescan.com/	0x486714d67ea472ab:0xa03afe36cfcf9038		資安 SaaS,安全與平台工程	4.8(52)	https://www.google.com/maps/search/?api=1&query=Edgescan+Dublin%2C+Ireland
2	Integrity360	Dublin (Sandyford), Ireland	Cybersecurity MSSP	http://www.integrity360.com/	0x486709099113f105:0xcabacad2131243e1		MSSP/SOC,與 SIEM 背景高度相關(推論)	4.2(30)	https://www.google.com/maps/search/?api=1&query=Integrity360+Dublin+%28Sandyford%29%2C+Ireland
3	Qualcomm Technologies Cork	Cork, Ireland	Semiconductors	https://www.qualcomm.com/company/facilities/offices?country=Ireland	0x484485fe38d2c021:0x73a52eb54b0beff1		晶片公司軟體工程(推論)	4.9(17)	https://www.google.com/maps/search/?api=1&query=Qualcomm+Technologies+Cork+Cork%2C+Ireland
4	Medtronic Building 3	Galway, Ireland	Medtech	http://www.medtronic.com/	0x485b915d6aaaaaab:0x4f37c3952ba754e8	uncertain(評論僅3則;以製造為主,軟體職缺需核實)	醫療器材,IT/軟體(推論)	4.0(3)	https://www.google.com/maps/search/?api=1&query=Medtronic+Building+3+Galway%2C+Ireland
5	Boston Scientific building 2	Galway, Ireland	Medtech	https://jobs.bostonscientific.com/?locale=en_US	0x485b91d48add95b7:0xa31b6dfa48c7ddb0	uncertain(以製造為主,軟體職缺需核實)	醫療器材,IT/資料(推論)	4.4(15)	https://www.google.com/maps/search/?api=1&query=Boston+Scientific+building+2+Galway%2C+Ireland
6	Equinix DB2 Data Center	Dublin (Clondalkin), Ireland	Data centre / cloud infra	https://www.equinix.com/data-centers/europe-colocation/ireland-colocation/dublin-data-centers/db2	0x4867739bbf68839b:0x2950f4cfd9197c		資料中心維運與網路工程	4.5(58)	https://www.google.com/maps/search/?api=1&query=Equinix+DB2+Data+Center+Dublin+%28Clondalkin%29%2C+Ireland
7	Travelport Dublin	Dublin, Ireland	Travel tech	not shown	0x48670c3ad0981673:0x866a505eedd7efb1	uncertain(Maps 無網站)	旅遊科技平台工程	4.8(46)	https://www.google.com/maps/search/?api=1&query=Travelport+Dublin+Dublin%2C+Ireland
8	Zalando Dublin Tech Hub	Dublin, Ireland	E-commerce tech hub	https://jobs.zalando.com/en/where-we-work/dublin	0x48670eeb67026329:0xa36a74e34a1915ba		電商平台工程與 SRE	3.9(69)	https://www.google.com/maps/search/?api=1&query=Zalando+Dublin+Tech+Hub+Dublin%2C+Ireland
9	Skyscanner	Edinburgh, UK	Travel tech	https://www.skyscanner.net/	0x4887c79949574a8d:0xb8ff329061721dc4		旅遊搜尋平台,後端/平台/SRE	4.5(121)	https://www.google.com/maps/search/?api=1&query=Skyscanner+Edinburgh%2C+UK
10	RBS Gogarburn House (NatWest Group HQ)	Edinburgh, UK	Bank HQ	not shown	0x4887c452dea23cab:0xbb4fc7d74a8f7e99	uncertain(Maps 無網站)	大型銀行科技與資安(推論)	4.6(67)	https://www.google.com/maps/search/?api=1&query=RBS+Gogarburn+House+%28NatWest+Group+HQ%29+Edinburgh%2C+UK
11	JPMorgan Chase & Co Glasgow	Glasgow, UK	Bank tech centre	not shown	0x4888469da38d0a01:0xc019d4e363bfb192	uncertain(Maps 無網站)	銀行科技中心,軟體/雲端/資安(推論)	4.1(37)	https://www.google.com/maps/search/?api=1&query=JPMorgan+Chase+%26+Co+Glasgow+Glasgow%2C+UK
12	Barclays Clyde Place (Glasgow campus)	Glasgow, UK	Bank campus	http://home.barclays/	0x48884720b157bbc7:0xefdc5e26a9721a73	uncertain(Maps 名稱是 Clyde Place,不是 Buchanan Wharf)	銀行科技與資安(推論)	4.6(121)	https://www.google.com/maps/search/?api=1&query=Barclays+Clyde+Place+%28Glasgow+campus%29+Glasgow%2C+UK
13	Rapid7 Belfast	Belfast, UK	Cybersecurity vendor	https://www.rapid7.com/	0x4861085426b6a3ad:0x5ff0f3f4dc18017e		SIEM/偵測產品,與背景高度相關(推論)	4.4(16)	https://www.google.com/maps/search/?api=1&query=Rapid7+Belfast+Belfast%2C+UK
14	Proofpoint Belfast	Belfast, UK	Cybersecurity vendor	https://www.proofpoint.com/uk	0x486108f710ed820f:0xdbae6d986db70412		郵件與資安平台工程	4.8(13)	https://www.google.com/maps/search/?api=1&query=Proofpoint+Belfast+Belfast%2C+UK
15	Instil	Belfast, UK	Software consultancy	https://instil.co/	0x486108f87076d1cb:0x7b683df3b13dc763		軟體顧問與培訓	4.7(21)	https://www.google.com/maps/search/?api=1&query=Instil+Belfast%2C+UK
16	Hadrian Security	Amsterdam, Netherlands	Cybersecurity vendor (attack surface)	http://hadrian.io/	0x47c609f3bb716f11:0x610b04850d336e0b	uncertain(評論僅2則)	資安 SaaS,安全與平台工程	5.0(2)	https://www.google.com/maps/search/?api=1&query=Hadrian+Security+Amsterdam%2C+Netherlands
17	Group-IB Europe B.V.	Amsterdam, Netherlands	Cybersecurity vendor (threat intel)	https://www.group-ib.com/	0x47c6091714c8e43d:0xdf1704e663208119		威脅情資與偵測,與 SIEM 背景相關(推論)	5.0(7)	https://www.google.com/maps/search/?api=1&query=Group-IB+Europe+B.V.+Amsterdam%2C+Netherlands
18	Booking.com	Amsterdam, Netherlands	Travel tech	https://www.booking.com/	0x47c6099590ae1d19:0x37f9e7921bb19b73		大型旅遊平台,後端/SRE/資安(推論);Maps 低分為顧客評價	1.3(676)	https://www.google.com/maps/search/?api=1&query=Booking.com+Amsterdam%2C+Netherlands
19	Picnic HQ	Amsterdam, Netherlands	E-commerce (online grocery)	http://picnic.app/	0x47c60b5f55cddecd:0x664c31f150321239	非英語要求需核實(荷語)	電商與物流軟體平台(推論)	2.9(94)	https://www.google.com/maps/search/?api=1&query=Picnic+HQ+Amsterdam%2C+Netherlands
20	NXP Semiconductors	Eindhoven, Netherlands	Semiconductors	http://www.nxp.com/	0x47c6d9c763beba31:0x7b56ee82485389cf		晶片公司軟體與資安工程(推論)	4.1(17)	https://www.google.com/maps/search/?api=1&query=NXP+Semiconductors+Eindhoven%2C+Netherlands
21	bol	Utrecht, Netherlands	E-commerce marketplace	https://www.bol.com/	0x47c66f98b075f173:0xe96c7e304b82cf43	非英語要求需核實(荷語)	電商平台工程(推論)	2.9(935)	https://www.google.com/maps/search/?api=1&query=bol+Utrecht%2C+Netherlands
22	Coolblue Hoofdkantoor	Rotterdam, Netherlands	E-commerce	https://www.coolblue.nl/	0x47c434a68471e6d5:0x62dafc43c4b35fe9	非英語要求需核實(荷語)	電商平台工程(推論)	2.7(598)	https://www.google.com/maps/search/?api=1&query=Coolblue+Hoofdkantoor+Rotterdam%2C+Netherlands
23	Isar Aerospace	Ottobrunn (Munich), Germany	Space/launch	https://www.isaraerospace.com/	0x479dd5a9f0603e71:0xeac98362bb623847	非英語要求需核實(德語)	太空公司軟體與 IT(推論)	4.7(53)	https://www.google.com/maps/search/?api=1&query=Isar+Aerospace+Ottobrunn+%28Munich%29%2C+Germany
24	Myra Security GmbH	Munich, Germany	Cybersecurity vendor (DDoS/WAF)	https://www.myrasecurity.com/	0x479e760716502825:0x72ccae825010ca4e	非英語要求需核實(德語)	資安平台,與 Cloudflare 類背景相關(推論)	4.9(11)	https://www.google.com/maps/search/?api=1&query=Myra+Security+GmbH+Munich%2C+Germany
25	Zscaler Germany GmbH	Munich, Germany	Cybersecurity vendor (cloud security)	http://www.zscaler.de/	0x479e761a91e8135d:0x1a4383be54cd32d4		雲端資安,銷售/工程據點(推論)	4.4(20)	https://www.google.com/maps/search/?api=1&query=Zscaler+Germany+GmbH+Munich%2C+Germany
26	Ada Health GmbH	Berlin, Germany	Healthtech	https://ada.com/	0x47a851dfaeb35545:0xef0457b67fb2d51d	uncertain(Maps 有兩筆同名;評論僅3則)	數位醫療 App 工程	4.7(3)	https://www.google.com/maps/search/?api=1&query=Ada+Health+GmbH+Berlin%2C+Germany
27	Enpal GmbH	Berlin, Germany	Climate/solar tech	https://www.enpal.de/	0x47a851da2a074887:0xae18368f5d7d2d5e	非英語要求需核實(德語)	能源科技軟體平台(推論)	4.1(14251)	https://www.google.com/maps/search/?api=1&query=Enpal+GmbH+Berlin%2C+Germany
28	sennder Technologies GmbH	Berlin, Germany	Logistics tech	https://www.sennder.com/de	0x47a851c918317c21:0x65931c91ba8c8512		數位貨運平台工程	4.1(164)	https://www.google.com/maps/search/?api=1&query=sennder+Technologies+GmbH+Berlin%2C+Germany
29	ABOUT YOU SE & Co. KG	Hamburg, Germany	E-commerce	https://www.aboutyou.de/	0x47b18f1cfd361da3:0xe0f09b29c6a54ca5	非英語要求需核實(德語)	電商平台工程(推論)	3.5(974)	https://www.google.com/maps/search/?api=1&query=ABOUT+YOU+SE+%26+Co.+KG+Hamburg%2C+Germany
30	WithSecure Oyj	Helsinki, Finland	Cybersecurity vendor	withsecure.com	0x46920bca929cc719:0x5d02c5b684b0f2a0		偵測與回應產品,與 SIEM 背景高度相關(推論)	4.9(8)	https://www.google.com/maps/search/?api=1&query=WithSecure+Oyj+Helsinki%2C+Finland
31	ICEYE	Espoo (Helsinki), Finland	Space/SAR satellites	not shown	0x468df5002a63c997:0xbc517eb98b2dc29a	uncertain(Maps 無網站、無評論、無營業時間)	衛星資料平台與雲端工程(推論)	no reviews	https://www.google.com/maps/search/?api=1&query=ICEYE+Espoo+%28Helsinki%29%2C+Finland
32	Kry International AB (head office)	Stockholm, Sweden	Healthtech	kry.se	0x465f9d44ba5814f5:0x3ca0f5aa2d132728	非英語要求需核實(瑞典語)	數位醫療平台工程(推論);低分為病患評價	2.6(132)	https://www.google.com/maps/search/?api=1&query=Kry+International+AB+%28head+office%29+Stockholm%2C+Sweden
33	Einride AB	Stockholm, Sweden	Logistics/autonomous freight	einride.tech	0x465f9d92f3c12461:0x2672665e72618d98		自動駕駛貨運平台,雲端與後端(推論)	4.9(14)	https://www.google.com/maps/search/?api=1&query=Einride+AB+Stockholm%2C+Sweden
34	Unity Technologies Copenhagen	Copenhagen, Denmark	Game engine/software	unity.com	0x465253042aa68c6d:0x877f721985bbacdd		引擎與雲端服務工程	4.8(74)	https://www.google.com/maps/search/?api=1&query=Unity+Technologies+Copenhagen+Copenhagen%2C+Denmark
35	Visma Enterprise AS	Oslo, Norway	Software (ERP)	not captured	0x46416db3994e8a0d:0xbecb8117641f32eb	uncertain(網站連結未擷取;只從結果卡片確認未歇業;可能需挪威語)	企業軟體工程(推論)	4.1(41)	https://www.google.com/maps/search/?api=1&query=Visma+Enterprise+AS+Oslo%2C+Norway
36	Feedzai Lisbon	Lisbon, Portugal	Fintech (fraud/risk AI)	feedzai.com	0xd1933d9546af019:0x46b900235f357f82		反詐欺平台,後端/資料/資安(推論)	4.8(41)	https://www.google.com/maps/search/?api=1&query=Feedzai+Lisbon+Lisbon%2C+Portugal
37	Talkdesk Porto	Porto, Portugal	Cloud contact centre SaaS	talkdesk.com	0xd2464fbc8944b83:0x714b451f30b9cd97		雲端 SaaS,平台與 SRE(推論)	4.6(22)	https://www.google.com/maps/search/?api=1&query=Talkdesk+Porto+Porto%2C+Portugal
38	OutSystems Portugal	Linda-a-Velha (Lisbon), Portugal	Software (low-code platform)	outsystems.com	0xd1ecc634255d8d5:0x1e035f0582f62e7b		平台工程與雲端	4.5(351)	https://www.google.com/maps/search/?api=1&query=OutSystems+Portugal+Linda-a-Velha+%28Lisbon%29%2C+Portugal
39	Satellogic Barcelona	Barcelona, Spain	Space/earth observation	satellogic.com	0x12a4a3e63808b1ef:0x6c1774c8b325db	uncertain(評論僅3則)	衛星資料軟體(推論)	3.7(3)	https://www.google.com/maps/search/?api=1&query=Satellogic+Barcelona+Barcelona%2C+Spain
40	Glovo HQ (Yellow Park)	Barcelona, Spain	Delivery marketplace	not shown	0x12a4a308af32b0f7:0x147bda9ccfb22260	uncertain(Maps 無網站)	外送平台,後端/SRE/資安(推論)	3.0(210)	https://www.google.com/maps/search/?api=1&query=Glovo+HQ+%28Yellow+Park%29+Barcelona%2C+Spain
41	Cabify	Madrid, Spain	Mobility tech	cabify.com	0xd4228d0cf500041:0x525dc647a661a2b7		叫車平台工程(推論);低分為乘客評價	1.7(1793)	https://www.google.com/maps/search/?api=1&query=Cabify+Madrid%2C+Spain
